Z_do,M,X,Y,prob
0,0,0,0,0.12475666666666667
0,0,0,1,0.0
0,0,1,0,0.25020333333333333
0,0,1,1,0.12357333333333333
0,1,0,0,0.12556666666666666
0,1,0,1,0.24998666666666666
0,1,1,0,0.0
0,1,1,1,0.12591333333333332
1,0,0,0,0.12357333333333333
1,0,0,1,0.25020333333333333
1,0,1,0,0.0
1,0,1,1,0.12475666666666667
1,1,0,0,0.12556666666666666
1,1,0,1,0.24998666666666666
1,1,1,0,0.0
1,1,1,1,0.12591333333333332
